{
    "s": "ok",
    "t": [
        1736125200,
        1736211600,
        1736298000,
        1736384400,
        1736470800,
        1736730000
    ],
    "c": [
        89.769999999999996,
        89.709999999999994,
        89.879999999999995,
        90.069999999999993,
        89.540000000000006,
        88.230000000000004
    ],
    "o": [
        88.5,
        89.909999999999997,
        89.75,
        89.310000000000002,
        90.030000000000001,
        88.650000000000006
    ],
    "h": [
        89.769999999999996,
        90,
        90.540000000000006,
        90.140000000000001,
        90.189999999999998,
        88.859999999999999
    ],
    "l": [
        88.329999999999998,
        89.310000000000002,
        89.469999999999999,
        89.310000000000002,
        89.109999999999999,
        87.75
    ],
    "v": [
        4395680.4699999997,
        1579085.22,
        3297222.8700000001,
        515360.57000000001,
        5000581.6200000001,
        3485169.5600000001
    ]
}